ID|Title|Description|Publish date, time|Channel|Website link|Categories|Models|Duration|Embed code|Main thumbnail|Preview URL
8372091|Fucks Herself Until Her Pussy Is Dripping|Pretty with tight pussy spreads her legs while she is still sucking her wet huge dildo and then she uses her one hand to touch and plays with her tight wet pussy.|2022-03-01 14:56:24|cums.com|https://videohclips.com/videos/8372091/fucks-herself-until-her-pussy-is-dripping/|Amateur,Big Ass,Big Tits||614|<iframe width="640" height="360" src="https://videohclips.com/embed/8372091/" frameborder="0" allowfullscreen webkitallowfullscreen mozallowfullscreen oallowfullscreen msallowfullscreen></iframe>|https://tn.hclips.com/contents/videos_screenshots/8372000/8372091/240x180/1.jpg|https://pv1.hclips.com/c1/videos/8372000/8372091/8372091_tr.mp4
8371587|Mature Woman Loves To Go Solo|The horny white babe started to take off her lingerie and she start playing with her pussy clit with her finger. Horny white babe moves her fingers fast and rough she continues to play with her pussy|2022-03-01 10:46:13|cam4free.com|https://videohclips.com/videos/8371587/mature-woman-loves-to-go-solo/|Big Nipples,Big Tits,Blowjob||608|<iframe width="640" height="360" src="https://videohclips.com/embed/8371587/" frameborder="0" allowfullscreen webkitallowfullscreen mozallowfullscreen oallowfullscreen msallowfullscreen></iframe>|https://tn.hclips.com/contents/videos_screenshots/8371000/8371587/240x180/1.jpg|https://pv1.hclips.com/c1/videos/8371000/8371587/8371587_tr.mp4
8371499|AGEDLOVE Busty Lady Rachel And Horny Guys Cheffie Shot and Marc Kaye|Hot busty mom got involved in threesome hard fuck with two guys at once Find full length videos on our network ***|2022-03-01 10:03:42|oldnanny.com|https://videohclips.com/videos/8371499/agedlove-busty-lady-rachel-and-horny-guys-cheffie-shot-and-marc-kaye/|Blowjob,Hardcore,Mature||601|<iframe width="640" height="360" src="https://videohclips.com/embed/8371499/" frameborder="0" allowfullscreen webkitallowfullscreen mozallowfullscreen oallowfullscreen msallowfullscreen></iframe>|https://tn.hclips.com/contents/videos_screenshots/8371000/8371499/240x180/1.jpg|https://pv1.hclips.com/c1/videos/8371000/8371499/8371499_tr.mp4
8371325|Sexy Tgirl Stroke Her Cock Hardly|She is so hot and horny and strokes her hard cock nonstop See her show her tight butt hole upclose while she plays with it See her do her sexy moves that will also make your cock erect|2022-03-01 07:58:32|tranny4free.com|https://videohclips.com/videos/8371325/sexy-tgirl-stroke-her-cock-hardly/|Shemale Masturbation,Shemale Solo Shemale,Shemale Webcam||624|<iframe width="640" height="360" src="https://videohclips.com/embed/8371325/" frameborder="0" allowfullscreen webkitallowfullscreen mozallowfullscreen oallowfullscreen msallowfullscreen></iframe>|https://tn.hclips.com/contents/videos_screenshots/8371000/8371325/240x180/1.jpg|https://pv1.hclips.com/c1/videos/8371000/8371325/8371325_tr.mp4
8371293|Hot Girlfriend Gets a Good Fucking|A cute chick has nice sex with her boyfriend. See this hot gal suck his big hard cock making his boyfriend want more|2022-03-01 07:41:15||https://videohclips.com/videos/8371293/hot-girlfriend-gets-a-good-fucking/|Amateur,Big Ass,Big Cock||629|<iframe width="640" height="360" src="https://videohclips.com/embed/8371293/" frameborder="0" allowfullscreen webkitallowfullscreen mozallowfullscreen oallowfullscreen msallowfullscreen></iframe>|https://tn.hclips.com/contents/videos_screenshots/8371000/8371293/240x180/1.jpg|https://pv1.hclips.com/c1/videos/8371000/8371293/8371293_tr.mp4
8371227|Cute Teen Sucks Huge Toy Real Good|Cute white big nipples teen loves to fuck herself she takes off her lingerie and she shows off her ass. Cute white big nipples teen plays with her tits and she presses them hard and she touches her pu|2022-03-01 07:10:26|cam4free.com|https://videohclips.com/videos/8371227/cute-teen-sucks-huge-toy-real-good/|Anal,Big Tits,Cam4||608|<iframe width="640" height="360" src="https://videohclips.com/embed/8371227/" frameborder="0" allowfullscreen webkitallowfullscreen mozallowfullscreen oallowfullscreen msallowfullscreen></iframe>|https://tn.hclips.com/contents/videos_screenshots/8371000/8371227/240x180/1.jpg|https://pv1.hclips.com/c1/videos/8371000/8371227/8371227_tr.mp4
8371127|Lovely Tranny Babe Loves To Faps Her Dick|Watch this busty Shemale slut doing a good handjob Watch and see this shemale as she wanks her big juicy cock for you Tranny masturbating her huge massive dick and tease her viewers|2022-03-01 05:54:20|tranny4free.com|https://videohclips.com/videos/8371127/lovely-tranny-babe-loves-to-faps-her-dick/|Shemale Masturbation,Shemale Solo Shemale,Shemale Webcam||624|<iframe width="640" height="360" src="https://videohclips.com/embed/8371127/" frameborder="0" allowfullscreen webkitallowfullscreen mozallowfullscreen oallowfullscreen msallowfullscreen></iframe>|https://tn.hclips.com/contents/videos_screenshots/8371000/8371127/240x180/1.jpg|https://pv1.hclips.com/c1/videos/8371000/8371127/8371127_tr.mp4
8370745|Horny Teen Chick Fucks Her Wet Pussy|Must watch this sexy hot petite teen babe as she loves to pleasure herself by fingering her tight pussy She widely spreads her legs and then strokes her fingers to her cunt|2022-03-01 02:57:21||https://videohclips.com/videos/8370745/horny-teen-chick-fucks-her-wet-pussy/|Masturbation,Solo Female,Webcam||627|<iframe width="640" height="360" src="https://videohclips.com/embed/8370745/" frameborder="0" allowfullscreen webkitallowfullscreen mozallowfullscreen oallowfullscreen msallowfullscreen></iframe>|https://tn.hclips.com/contents/videos_screenshots/8370000/8370745/240x180/1.jpg|https://pv1.hclips.com/c1/videos/8370000/8370745/8370745_tr.mp4
8370559|Butt Fucked ***Lucie Cline Does Her First Porn!|Green Eyed *** old beauty Lucie Cline (Katrina) gets her tiny butthole banged in her first adult casting and first porn ever with a lovely cream pie finale! Full Video at ***!|2022-03-01 00:56:59|BackroomCastingCouch|https://videohclips.com/videos/8370559/butt-fucked-lucie-cline-does-her-first-porn/|Anal,Big Ass,Blowjob,Brunette,Casting,Creampie,Doggystyle,Fingering,Hardcore,Latina||310|<iframe width="640" height="360" src="https://videohclips.com/embed/8370559/" frameborder="0" allowfullscreen webkitallowfullscreen mozallowfullscreen oallowfullscreen msallowfullscreen></iframe>|https://tn.hclips.com/contents/videos_screenshots/8370000/8370559/240x180/1.jpg|https://pv1.hclips.com/c1/videos/8370000/8370559/8370559_tr.mp4
8370257|Twerking My Tasty Latina Ass For You|Hot dildo riding curvy babe on cam. She plays with her clit and inserts her huge dildo inside her and make her enjoy herself till she cum in front of her webcam show. Brunette dancing and seducing|2022-02-28 21:50:53|cums.com|https://videohclips.com/videos/8370257/twerking-my-tasty-latina-ass-for-you/|Amateur,Big Ass,Big Tits||614|<iframe width="640" height="360" src="https://videohclips.com/embed/8370257/" frameborder="0" allowfullscreen webkitallowfullscreen mozallowfullscreen oallowfullscreen msallowfullscreen></iframe>|https://tn.hclips.com/contents/videos_screenshots/8370000/8370257/240x180/1.jpg|https://pv1.hclips.com/c1/videos/8370000/8370257/8370257_tr.mp4
8370101|MyDirtyHobby - Busty Redhead Babe Lara|MyDirtyHobby - Busty Redhead Babe Lara|2022-02-28 20:09:40|My Dirty Hobby|https://videohclips.com/videos/8370101/mydirtyhobby-busty-redhead-babe-lara/|Anal,Big Ass,Big Tits||189|<iframe width="640" height="360" src="https://videohclips.com/embed/8370101/" frameborder="0" allowfullscreen webkitallowfullscreen mozallowfullscreen oallowfullscreen msallowfullscreen></iframe>|https://tn.hclips.com/contents/videos_screenshots/8370000/8370101/240x180/1.jpg|https://pv1.hclips.com/c1/videos/8370000/8370101/8370101_tr.mp4
8369825|Stepmom Cannot Have Enough Of His Hard Knob||2022-03-01 20:50:00||https://videohclips.com/videos/8369825/stepmom-cannot-have-enough-of-his-hard-knob/|Amateur,BBW,Big Cock,Big Tits,HD,Mature,Old and Young,Step Fantasy||505|<iframe width="640" height="360" src="https://videohclips.com/embed/8369825/" frameborder="0" allowfullscreen webkitallowfullscreen mozallowfullscreen oallowfullscreen msallowfullscreen></iframe>|https://tn.hclips.com/contents/videos_screenshots/8369000/8369825/240x180/1.jpg|https://pv1.hclips.com/c1/videos/8369000/8369825/8369825_tr.mp4
8369793|Rubbed My Shaved Pussy|Watch this big ass babe twerking her ass. She inserted her fingers in her wet pussy. She moves her booty up and down and she continues to move her body and fucks herself.|2022-02-28 17:05:21|cums.com|https://videohclips.com/videos/8369793/rubbed-my-shaved-pussy/|Amateur,Big Ass,Masturbation||614|<iframe width="640" height="360" src="https://videohclips.com/embed/8369793/" frameborder="0" allowfullscreen webkitallowfullscreen mozallowfullscreen oallowfullscreen msallowfullscreen></iframe>|https://tn.hclips.com/contents/videos_screenshots/8369000/8369793/240x180/1.jpg|https://pv1.hclips.com/c1/videos/8369000/8369793/8369793_tr.mp4
8369699|Sexy Teen Wanks Her Small Pussy|She grabbed her huge massive dildo and inserted it in her pussy. She inserted the massive dildo of it in her pussy. She plays with her pussy wild and rough. This female has a nice big ass and nice big|2022-02-28 16:16:18|cam4free.com|https://videohclips.com/videos/8369699/sexy-teen-wanks-her-small-pussy/|Anal,BDSM,Big Ass||608|<iframe width="640" height="360" src="https://videohclips.com/embed/8369699/" frameborder="0" allowfullscreen webkitallowfullscreen mozallowfullscreen oallowfullscreen msallowfullscreen></iframe>|https://tn.hclips.com/contents/videos_screenshots/8369000/8369699/240x180/1.jpg|https://pv1.hclips.com/c1/videos/8369000/8369699/8369699_tr.mp4
8369691|Fake Instructors Steamy Copula With Dean Van Damme||2022-03-01 19:50:00||https://videohclips.com/videos/8369691/fake-instructors-steamy-copula-with-dean-van-damme/|Amateur,Big Cock,Big Tits,Blonde,Car,Deepthroat,HD,MILF,Outdoor||900|<iframe width="640" height="360" src="https://videohclips.com/embed/8369691/" frameborder="0" allowfullscreen webkitallowfullscreen mozallowfullscreen oallowfullscreen msallowfullscreen></iframe>|https://tn.hclips.com/contents/videos_screenshots/8369000/8369691/240x180/1.jpg|https://pv1.hclips.com/c1/videos/8369000/8369691/8369691_tr.mp4
8369537|Tiny Titty Teen Evie Plays With Her Nice Natural Tits And Tight Pink Pussy!||2022-03-01 18:50:00||https://videohclips.com/videos/8369537/tiny-titty-teen-evie-plays-with-her-nice-natural-tits-and-tight-pink-pussy/|Amateur,HD,Solo Female||281|<iframe width="640" height="360" src="https://videohclips.com/embed/8369537/" frameborder="0" allowfullscreen webkitallowfullscreen mozallowfullscreen oallowfullscreen msallowfullscreen></iframe>|https://tn.hclips.com/contents/videos_screenshots/8369000/8369537/240x180/1.jpg|https://pv1.hclips.com/c1/videos/8369000/8369537/8369537_tr.mp4
8369457|Desi Newly Married Wife Fucked In Ass By Her When Her Husband Not At Home||2022-03-01 17:50:01||https://videohclips.com/videos/8369457/desi-newly-married-wife-fucked-in-ass-by-her-when-her-husband-not-at-home/|Amateur,Big Tits,Brunette,Handjob,HD,Webcam||697|<iframe width="640" height="360" src="https://videohclips.com/embed/8369457/" frameborder="0" allowfullscreen webkitallowfullscreen mozallowfullscreen oallowfullscreen msallowfullscreen></iframe>|https://tn.hclips.com/contents/videos_screenshots/8369000/8369457/240x180/1.jpg|https://pv1.hclips.com/c1/videos/8369000/8369457/8369457_tr.mp4
8369383|Post A Selfie Share A Knob 1 - Zac Wild||2022-03-01 16:50:00||https://videohclips.com/videos/8369383/post-a-selfie-share-a-knob-1-zac-wild/|Amateur,Big Cock,Big Tits,Brunette,Deepthroat,Hairy,HD,Outdoor,POV,Threesome,Toys||900|<iframe width="640" height="360" src="https://videohclips.com/embed/8369383/" frameborder="0" allowfullscreen webkitallowfullscreen mozallowfullscreen oallowfullscreen msallowfullscreen></iframe>|https://tn.hclips.com/contents/videos_screenshots/8369000/8369383/240x180/1.jpg|https://pv1.hclips.com/c1/videos/8369000/8369383/8369383_tr.mp4
8369213|Multicolor Glossy Nylon Juicy Pussy High Heels Nylonkissa||2022-03-01 15:50:00||https://videohclips.com/videos/8369213/multicolor-glossy-nylon-juicy-pussy-high-heels-nylonkissa/|Amateur,Big Ass,Brunette,Female Orgasm,Fetish,HD,OnlyFans,Solo Female,Toys,Webcam||509|<iframe width="640" height="360" src="https://videohclips.com/embed/8369213/" frameborder="0" allowfullscreen webkitallowfullscreen mozallowfullscreen oallowfullscreen msallowfullscreen></iframe>|https://tn.hclips.com/contents/videos_screenshots/8369000/8369213/240x180/1.jpg|https://pv1.hclips.com/c1/videos/8369000/8369213/8369213_tr.mp4
8369159|Je Branle Grosse Bite De Mon Voisin||2022-03-01 14:50:00||https://videohclips.com/videos/8369159/je-branle-grosse-bite-de-mon-voisin/|Amateur,Big Cock,Blonde,Handjob,HD,POV||921|<iframe width="640" height="360" src="https://videohclips.com/embed/8369159/" frameborder="0" allowfullscreen webkitallowfullscreen mozallowfullscreen oallowfullscreen msallowfullscreen></iframe>|https://tn.hclips.com/contents/videos_screenshots/8369000/8369159/240x180/1.jpg|https://pv1.hclips.com/c1/videos/8369000/8369159/8369159_tr.mp4
8369151|Hot and Cute Babe Gives an Amazing Blowjob|This hot chick enjoys sucking her boyfriends cock so much that she wanted it all day long.|2022-02-28 10:45:28||https://videohclips.com/videos/8369151/hot-and-cute-babe-gives-an-amazing-blowjob/|Amateur,Big Ass,Big Cock||653|<iframe width="640" height="360" src="https://videohclips.com/embed/8369151/" frameborder="0" allowfullscreen webkitallowfullscreen mozallowfullscreen oallowfullscreen msallowfullscreen></iframe>|https://tn.hclips.com/contents/videos_screenshots/8369000/8369151/240x180/1.jpg|https://pv1.hclips.com/c1/videos/8369000/8369151/8369151_tr.mp4
8369099|Self Love Comes In Many Forms||2022-03-01 13:50:00||https://videohclips.com/videos/8369099/self-love-comes-in-many-forms/|Amateur,Anal,HD,MILF,Red Head,Solo Female,Toys||1989|<iframe width="640" height="360" src="https://videohclips.com/embed/8369099/" frameborder="0" allowfullscreen webkitallowfullscreen mozallowfullscreen oallowfullscreen msallowfullscreen></iframe>|https://tn.hclips.com/contents/videos_screenshots/8369000/8369099/240x180/1.jpg|https://pv1.hclips.com/c1/videos/8369000/8369099/8369099_tr.mp4
8369077|OLDNANNY Solo Grandma Amanda Fingering Her Wet Pussy|Solo masturbation captured in perfect shots by proffessional cameraman with all the detail Find full length videos on our network ***|2022-02-28 10:12:57|oldnanny.com|https://videohclips.com/videos/8369077/oldnanny-solo-grandma-amanda-fingering-her-wet-pussy/|Fingering,Masturbation,Mature||699|<iframe width="640" height="360" src="https://videohclips.com/embed/8369077/" frameborder="0" allowfullscreen webkitallowfullscreen mozallowfullscreen oallowfullscreen msallowfullscreen></iframe>|https://tn.hclips.com/contents/videos_screenshots/8369000/8369077/240x180/1.jpg|https://pv1.hclips.com/c1/videos/8369000/8369077/8369077_tr.mp4
8369003|Sweet Petite Teen Enjoying Solo Play||2022-03-01 12:50:00||https://videohclips.com/videos/8369003/sweet-petite-teen-enjoying-solo-play/|Amateur,Asian,HD,Shower,Solo Female,Teens,Toys||360|<iframe width="640" height="360" src="https://videohclips.com/embed/8369003/" frameborder="0" allowfullscreen webkitallowfullscreen mozallowfullscreen oallowfullscreen msallowfullscreen></iframe>|https://tn.hclips.com/contents/videos_screenshots/8369000/8369003/240x180/1.jpg|https://pv1.hclips.com/c1/videos/8369000/8369003/8369003_tr.mp4
8368929|220228ナイスバディな美少女とセックスb2||2022-02-28 07:51:15||https://videohclips.com/videos/8368929/220228-b2/|Amateur,Asian,HD||2234|<iframe width="640" height="360" src="https://videohclips.com/embed/8368929/" frameborder="0" allowfullscreen webkitallowfullscreen mozallowfullscreen oallowfullscreen msallowfullscreen></iframe>|https://tn.hclips.com/contents/videos_screenshots/8368000/8368929/240x180/1.jpg|https://pv1.hclips.com/c1/videos/8368000/8368929/8368929_tr.mp4
8368927|||2022-03-01 11:50:00||https://videohclips.com/videos/8368927/girl-yoursexybella-asked-her-to-film-how-she-masturbates-out-of-boredom/|Amateur,HD,Solo Female,Toys||436|<iframe width="640" height="360" src="https://videohclips.com/embed/8368927/" frameborder="0" allowfullscreen webkitallowfullscreen mozallowfullscreen oallowfullscreen msallowfullscreen></iframe>|https://tn.hclips.com/contents/videos_screenshots/8368000/8368927/240x180/1.jpg|https://pv1.hclips.com/c1/videos/8368000/8368927/8368927_tr.mp4
8368925|220228ナイスバディな美少女とセックスb1||2022-02-28 07:51:06||https://videohclips.com/videos/8368925/220228-b1/|Amateur,Asian,HD||3617|<iframe width="640" height="360" src="https://videohclips.com/embed/8368925/" frameborder="0" allowfullscreen webkitallowfullscreen mozallowfullscreen oallowfullscreen msallowfullscreen></iframe>|https://tn.hclips.com/contents/videos_screenshots/8368000/8368925/240x180/1.jpg|https://pv1.hclips.com/c1/videos/8368000/8368925/8368925_tr.mp4
8368881|Sexy stud edging his cock to huge cumshot|Hot beefy guy jerking off his uncut dick until he drains his balls|2022-03-01 07:31:44||https://videohclips.com/videos/8368881/sexy-stud-edging-his-cock-to-huge-cumshot/|Gay Chaturbate,Gay Cumshot,Gay Webcam||1120|<iframe width="640" height="360" src="https://videohclips.com/embed/8368881/" frameborder="0" allowfullscreen webkitallowfullscreen mozallowfullscreen oallowfullscreen msallowfullscreen></iframe>|https://tn.hclips.com/contents/videos_screenshots/8368000/8368881/240x180/1.jpg|https://pv1.hclips.com/c1/videos/8368000/8368881/8368881_tr.mp4
8368817|Horny Slut Rides Huge Toys So Good|She rubs it hard and harder. She changes position and then grabs her toy. Having fun and teasing time for her. Natural-tit and great ass babe love to fucked herself on cam till she satisfied. This bab|2022-02-28 06:51:09|cam4free.com|https://videohclips.com/videos/8368817/horny-slut-rides-huge-toys-so-good/|Big Nipples,Big Tits,Blowjob||608|<iframe width="640" height="360" src="https://videohclips.com/embed/8368817/" frameborder="0" allowfullscreen webkitallowfullscreen mozallowfullscreen oallowfullscreen msallowfullscreen></iframe>|https://tn.hclips.com/contents/videos_screenshots/8368000/8368817/240x180/1.jpg|https://pv1.hclips.com/c1/videos/8368000/8368817/8368817_tr.mp4
8368813|Edging Sub And Post Orgasm Torture For Cumming On My Feet!||2022-03-01 10:50:00||https://videohclips.com/videos/8368813/edging-sub-and-post-orgasm-torture-for-cumming-on-my-feet/|Amateur,Big Cock,Fetish,Foot Fetish,Handjob,HD,POV,Stockings||576|<iframe width="640" height="360" src="https://videohclips.com/embed/8368813/" frameborder="0" allowfullscreen webkitallowfullscreen mozallowfullscreen oallowfullscreen msallowfullscreen></iframe>|https://tn.hclips.com/contents/videos_screenshots/8368000/8368813/240x180/1.jpg|https://pv1.hclips.com/c1/videos/8368000/8368813/8368813_tr.mp4
8368795|Sexy Shemale Toys Her Cock And Ass|Really horny tranny shows her ass with a dildo in her ass and the she strokes her cock This sexy tranny gives you a nice masturbation show as she pulls out her hard cock and jerks it|2022-02-28 06:24:46|tranny4free.com|https://videohclips.com/videos/8368795/sexy-shemale-toys-her-cock-and-ass/|Shemale Masturbation,Shemale Solo Shemale,Shemale Webcam||627|<iframe width="640" height="360" src="https://videohclips.com/embed/8368795/" frameborder="0" allowfullscreen webkitallowfullscreen mozallowfullscreen oallowfullscreen msallowfullscreen></iframe>|https://tn.hclips.com/contents/videos_screenshots/8368000/8368795/240x180/1.jpg|https://pv1.hclips.com/c1/videos/8368000/8368795/8368795_tr.mp4
8368765|Girlfriend Squirts In My Mouth After Riding My Face||2022-03-01 09:50:00||https://videohclips.com/videos/8368765/girlfriend-squirts-in-my-mouth-after-riding-my-face/|Amateur,Big Cock,Brunette,Deepthroat,Handjob,HD||663|<iframe width="640" height="360" src="https://videohclips.com/embed/8368765/" frameborder="0" allowfullscreen webkitallowfullscreen mozallowfullscreen oallowfullscreen msallowfullscreen></iframe>|https://tn.hclips.com/contents/videos_screenshots/8368000/8368765/240x180/1.jpg|https://pv1.hclips.com/c1/videos/8368000/8368765/8368765_tr.mp4
8368673|Wet Teen Fingers Herself For The First Time!!||2022-03-01 08:50:00||https://videohclips.com/videos/8368673/wet-teen-fingers-herself-for-the-first-time/|Amateur,Fingering,German,Hairy,HD,Solo Female,Webcam||604|<iframe width="640" height="360" src="https://videohclips.com/embed/8368673/" frameborder="0" allowfullscreen webkitallowfullscreen mozallowfullscreen oallowfullscreen msallowfullscreen></iframe>|https://tn.hclips.com/contents/videos_screenshots/8368000/8368673/240x180/1.jpg|https://pv1.hclips.com/c1/videos/8368000/8368673/8368673_tr.mp4
8368647|Thick Ass Sucks An Fucks My Dick Til She’s Creamy||2022-03-01 07:50:00||https://videohclips.com/videos/8368647/thick-ass-sucks-an-fucks-my-dick-til-she-s-creamy/|Amateur,Big Ass,Brunette,Deepthroat,Handjob,HD,MILF||715|<iframe width="640" height="360" src="https://videohclips.com/embed/8368647/" frameborder="0" allowfullscreen webkitallowfullscreen mozallowfullscreen oallowfullscreen msallowfullscreen></iframe>|https://tn.hclips.com/contents/videos_screenshots/8368000/8368647/240x180/1.jpg|https://pv1.hclips.com/c1/videos/8368000/8368647/8368647_tr.mp4
8368595|A Compilation Of Solo Masturbations From The Hot Close-up With Liza Virgin||2022-03-01 06:50:00||https://videohclips.com/videos/8368595/a-compilation-of-solo-masturbations-from-the-hot-close-up-with-liza-virgin/|Amateur,Big Tits,Brunette,Compilation,HD,Solo Female,Toys,Webcam||994|<iframe width="640" height="360" src="https://videohclips.com/embed/8368595/" frameborder="0" allowfullscreen webkitallowfullscreen mozallowfullscreen oallowfullscreen msallowfullscreen></iframe>|https://tn.hclips.com/contents/videos_screenshots/8368000/8368595/240x180/1.jpg|https://pv1.hclips.com/c1/videos/8368000/8368595/8368595_tr.mp4
8368543|Busty Satisfies Her Horny Pussy|She has long black hair and big boobs she plays with her pussy using her own hand. She shakes her booty and twerks it for a few minutes, she then takes off her bikini and she let the world see her whi|2022-02-28 02:21:27|cam4free.com|https://videohclips.com/videos/8368543/busty-satisfies-her-horny-pussy/|Anal,Big Ass,Big Tits||608|<iframe width="640" height="360" src="https://videohclips.com/embed/8368543/" frameborder="0" allowfullscreen webkitallowfullscreen mozallowfullscreen oallowfullscreen msallowfullscreen></iframe>|https://tn.hclips.com/contents/videos_screenshots/8368000/8368543/240x180/1.jpg|https://pv1.hclips.com/c1/videos/8368000/8368543/8368543_tr.mp4
8368537|Forest Walk Turns In To A Cum Session||2022-03-01 05:50:00||https://videohclips.com/videos/8368537/forest-walk-turns-in-to-a-cum-session/|Amateur,BBW,Big Cock,Big Tits,Brunette,Cumshot,Deepthroat,HD,Mature,Old and Young,Outdoor,POV||475|<iframe width="640" height="360" src="https://videohclips.com/embed/8368537/" frameborder="0" allowfullscreen webkitallowfullscreen mozallowfullscreen oallowfullscreen msallowfullscreen></iframe>|https://tn.hclips.com/contents/videos_screenshots/8368000/8368537/240x180/1.jpg|https://pv1.hclips.com/c1/videos/8368000/8368537/8368537_tr.mp4
8368491|Doggystyle Compilation With Cumshots On Ass - Best Of 2021||2022-03-01 04:50:00||https://videohclips.com/videos/8368491/doggystyle-compilation-with-cumshots-on-ass-best-of-2021/|Amateur,Big Ass,Big Cock,Brunette,Compilation,Couple,Cumshot,HD,OnlyFans,Outdoor,POV||504|<iframe width="640" height="360" src="https://videohclips.com/embed/8368491/" frameborder="0" allowfullscreen webkitallowfullscreen mozallowfullscreen oallowfullscreen msallowfullscreen></iframe>|https://tn.hclips.com/contents/videos_screenshots/8368000/8368491/240x180/1.jpg|https://pv1.hclips.com/c1/videos/8368000/8368491/8368491_tr.mp4
8368415|Pinay Pati Itlog Sinipsip Sarap Na Sarap||2022-03-01 03:50:00||https://videohclips.com/videos/8368415/pinay-pati-itlog-sinipsip-sarap-na-sarap/|Amateur,Asian,Big Cock,Big Tits,Brunette,Cunnilingus,Deepthroat,HD,Philippine,Webcam||469|<iframe width="640" height="360" src="https://videohclips.com/embed/8368415/" frameborder="0" allowfullscreen webkitallowfullscreen mozallowfullscreen oallowfullscreen msallowfullscreen></iframe>|https://tn.hclips.com/contents/videos_screenshots/8368000/8368415/240x180/1.jpg|https://pv1.hclips.com/c1/videos/8368000/8368415/8368415_tr.mp4
8368353|Bbc Keeps On Fucking After Massive Creampie||2022-03-01 02:50:00||https://videohclips.com/videos/8368353/bbc-keeps-on-fucking-after-massive-creampie/|Amateur,Asian,Big Cock,Couple,Female Orgasm,Interracial,MILF,Toys,Webcam||195|<iframe width="640" height="360" src="https://videohclips.com/embed/8368353/" frameborder="0" allowfullscreen webkitallowfullscreen mozallowfullscreen oallowfullscreen msallowfullscreen></iframe>|https://tn.hclips.com/contents/videos_screenshots/8368000/8368353/240x180/1.jpg|https://pv1.hclips.com/c1/videos/8368000/8368353/8368353_tr.mp4
8368269|My Girl Wanted Me To Fuck Her In The Street Window Where Wveryone Can See Us||2022-03-01 01:50:00||https://videohclips.com/videos/8368269/my-girl-wanted-me-to-fuck-her-in-the-street-window-where-wveryone-can-see-us/|Amateur,Big Cock,Brunette,Deepthroat,Handjob,HD,POV||650|<iframe width="640" height="360" src="https://videohclips.com/embed/8368269/" frameborder="0" allowfullscreen webkitallowfullscreen mozallowfullscreen oallowfullscreen msallowfullscreen></iframe>|https://tn.hclips.com/contents/videos_screenshots/8368000/8368269/240x180/1.jpg|https://pv1.hclips.com/c1/videos/8368000/8368269/8368269_tr.mp4
8368209|Horny Couple Experiments With A Butt Plug And Toy||2022-03-01 00:50:00||https://videohclips.com/videos/8368209/horny-couple-experiments-with-a-butt-plug-and-toy/|Amateur,Brunette,HD,MILF,Toys,Webcam||663|<iframe width="640" height="360" src="https://videohclips.com/embed/8368209/" frameborder="0" allowfullscreen webkitallowfullscreen mozallowfullscreen oallowfullscreen msallowfullscreen></iframe>|https://tn.hclips.com/contents/videos_screenshots/8368000/8368209/240x180/1.jpg|https://pv1.hclips.com/c1/videos/8368000/8368209/8368209_tr.mp4
8368113|Chinese Bondage||2022-02-28 22:50:00||https://videohclips.com/videos/8368113/chinese-bondage15/|Amateur,Asian,BDSM,Bondage,Brunette,Chinese,Fetish||1002|<iframe width="640" height="360" src="https://videohclips.com/embed/8368113/" frameborder="0" allowfullscreen webkitallowfullscreen mozallowfullscreen oallowfullscreen msallowfullscreen></iframe>|https://tn.hclips.com/contents/videos_screenshots/8368000/8368113/240x180/1.jpg|https://pv1.hclips.com/c1/videos/8368000/8368113/8368113_tr.mp4
8368101|Big Dildo Ass Fuck||2022-02-28 23:50:00||https://videohclips.com/videos/8368101/big-dildo-ass-fuck/|Gay Amateur,Gay HD,Gay Solo Male,Gay Toys,Gay Webcam||314|<iframe width="640" height="360" src="https://videohclips.com/embed/8368101/" frameborder="0" allowfullscreen webkitallowfullscreen mozallowfullscreen oallowfullscreen msallowfullscreen></iframe>|https://tn.hclips.com/contents/videos_screenshots/8368000/8368101/240x180/1.jpg|https://pv1.hclips.com/c1/videos/8368000/8368101/8368101_tr.mp4
8368009|Hairy Hunk Guy Jerking Off While Watching Gay Porn He Petting Himself And Loud Cumming On Stomach||2022-02-28 21:50:00||https://videohclips.com/videos/8368009/hairy-hunk-guy-jerking-off-while-watching-gay-porn-he-petting-himself-and-loud-cumming-on-stomach/|Gay Amateur,Gay Brunette,Gay HD,Gay POV,Gay Solo Male||252|<iframe width="640" height="360" src="https://videohclips.com/embed/8368009/" frameborder="0" allowfullscreen webkitallowfullscreen mozallowfullscreen oallowfullscreen msallowfullscreen></iframe>|https://tn.hclips.com/contents/videos_screenshots/8368000/8368009/240x180/1.jpg|https://pv1.hclips.com/c1/videos/8368000/8368009/8368009_tr.mp4
8367901|Amazing Sex Clip Milf Homemade New Only Here||2022-02-28 20:50:00||https://videohclips.com/videos/8367901/amazing-sex-clip-milf-homemade-new-only-here/|Amateur,Brunette,Ebony,HD,MILF,Solo Female,Toys,Webcam||598|<iframe width="640" height="360" src="https://videohclips.com/embed/8367901/" frameborder="0" allowfullscreen webkitallowfullscreen mozallowfullscreen oallowfullscreen msallowfullscreen></iframe>|https://tn.hclips.com/contents/videos_screenshots/8367000/8367901/240x180/1.jpg|https://pv1.hclips.com/c1/videos/8367000/8367901/8367901_tr.mp4
8367891|Shane Diesel In First Time With Dildo (2018)||2022-02-28 19:50:00||https://videohclips.com/videos/8367891/shane-diesel-in-first-time-with-dildo-2018/|Amateur,Brunette,HD,Tattoo,Toys,Webcam|Shane Diesel|471|<iframe width="640" height="360" src="https://videohclips.com/embed/8367891/" frameborder="0" allowfullscreen webkitallowfullscreen mozallowfullscreen oallowfullscreen msallowfullscreen></iframe>|https://tn.hclips.com/contents/videos_screenshots/8367000/8367891/240x180/1.jpg|https://pv1.hclips.com/c1/videos/8367000/8367891/8367891_tr.mp4
8367857|Best Xxx Video Handjob Homemade Best , Take A Look||2022-02-28 18:50:00||https://videohclips.com/videos/8367857/best-xxx-video-handjob-homemade-best-take-a-look/|Amateur,Asian,Handjob,HD,Japanese,POV,Toys||540|<iframe width="640" height="360" src="https://videohclips.com/embed/8367857/" frameborder="0" allowfullscreen webkitallowfullscreen mozallowfullscreen oallowfullscreen msallowfullscreen></iframe>|https://tn.hclips.com/contents/videos_screenshots/8367000/8367857/240x180/1.jpg|https://pv1.hclips.com/c1/videos/8367000/8367857/8367857_tr.mp4
8367733|You Wont Believe What This Whore Is Capable Of||2022-03-01 16:14:00||https://videohclips.com/videos/8367733/you-wont-believe-what-this-whore-is-capable-of/|Amateur,Big Cock,Brunette,Deepthroat,Handjob,HD,OnlyFans,POV,Teens||206|<iframe width="640" height="360" src="https://videohclips.com/embed/8367733/" frameborder="0" allowfullscreen webkitallowfullscreen mozallowfullscreen oallowfullscreen msallowfullscreen></iframe>|https://tn.hclips.com/contents/videos_screenshots/8367000/8367733/240x180/1.jpg|https://pv1.hclips.com/c1/videos/8367000/8367733/8367733_tr.mp4
8367585|Rich And Hard Fucked||2022-02-28 16:50:00||https://videohclips.com/videos/8367585/rich-and-hard-fucked/|Amateur,Big Cock,Big Tits,Brunette,Deepthroat,Facial,HD,Webcam||1477|<iframe width="640" height="360" src="https://videohclips.com/embed/8367585/" frameborder="0" allowfullscreen webkitallowfullscreen mozallowfullscreen oallowfullscreen msallowfullscreen></iframe>|https://tn.hclips.com/contents/videos_screenshots/8367000/8367585/240x180/1.jpg|https://pv1.hclips.com/c1/videos/8367000/8367585/8367585_tr.mp4
8367529|Amazing Naughty Babe Finger Fuck Her Pussy|This hot babe got a gorgeous and flawless body Watch her as she gets horny and filmed herself on cam while stripping and fucking her pussy with her dildo|2022-02-27 13:00:02|sweetcams.com|https://videohclips.com/videos/8367529/amazing-naughty-babe-finger-fuck-her-pussy/|Amateur,Masturbation,Webcam||434|<iframe width="640" height="360" src="https://videohclips.com/embed/8367529/" frameborder="0" allowfullscreen webkitallowfullscreen mozallowfullscreen oallowfullscreen msallowfullscreen></iframe>|https://tn.hclips.com/contents/videos_screenshots/8367000/8367529/240x180/1.jpg|https://pv1.hclips.com/c1/videos/8367000/8367529/8367529_tr.mp4
8367527|Hot Lesbian Fuck Each Other On Their Room|You should be lucky to watch this hot lesbian as they get naughty and give their fans an amazing show This pretty babe reveal their gorgeous body in front of their webcam|2022-02-27 12:58:54|sweetcams.com|https://videohclips.com/videos/8367527/hot-lesbian-fuck-each-other-on-their-room/|Amateur,Lesbian,Webcam||434|<iframe width="640" height="360" src="https://videohclips.com/embed/8367527/" frameborder="0" allowfullscreen webkitallowfullscreen mozallowfullscreen oallowfullscreen msallowfullscreen></iframe>|https://tn.hclips.com/contents/videos_screenshots/8367000/8367527/240x180/1.jpg|https://pv1.hclips.com/c1/videos/8367000/8367527/8367527_tr.mp4
8367461|Busty Babe in a Sizzling Hot Masturbation Show|This is one show that you would not dare miss Watch this pretty babe get naughty all alone in her room Watch this busty tease spread her legs wide showing her sweet and juicy pussy|2022-02-27 12:48:17|sweetcams.com|https://videohclips.com/videos/8367461/busty-babe-in-a-sizzling-hot-masturbation-show/|Amateur,Masturbation,Webcam||433|<iframe width="640" height="360" src="https://videohclips.com/embed/8367461/" frameborder="0" allowfullscreen webkitallowfullscreen mozallowfullscreen oallowfullscreen msallowfullscreen></iframe>|https://tn.hclips.com/contents/videos_screenshots/8367000/8367461/240x180/1.jpg|https://pv1.hclips.com/c1/videos/8367000/8367461/8367461_tr.mp4
8367459|Amazing Couple Engaged In Hot Sex|Pretty brunette babe together with her boyfriend as they strips her clothes off and she sucks her partner cock till it became huge and hard|2022-02-27 12:45:55|sweetcams.com|https://videohclips.com/videos/8367459/amazing-couple-engaged-in-hot-sex/|Amateur,Couple,Webcam||436|<iframe width="640" height="360" src="https://videohclips.com/embed/8367459/" frameborder="0" allowfullscreen webkitallowfullscreen mozallowfullscreen oallowfullscreen msallowfullscreen></iframe>|https://tn.hclips.com/contents/videos_screenshots/8367000/8367459/240x180/1.jpg|https://pv1.hclips.com/c1/videos/8367000/8367459/8367459_tr.mp4
8367429|Bruna Garcia - Its Hard For Her To Ejaculate But She Keeps Trying||2022-02-28 15:50:00||https://videohclips.com/videos/8367429/bruna-garcia-its-hard-for-her-to-ejaculate-but-she-keeps-trying/|Shemale Amateur,Shemale Big Ass,Shemale Big Cock,Shemale Big Tits,Shemale Lingerie,Shemale Masturbation,Shemale Solo Shemale,Shemale Tattoo||342|<iframe width="640" height="360" src="https://videohclips.com/embed/8367429/" frameborder="0" allowfullscreen webkitallowfullscreen mozallowfullscreen oallowfullscreen msallowfullscreen></iframe>|https://tn.hclips.com/contents/videos_screenshots/8367000/8367429/240x180/1.jpg|https://pv1.hclips.com/c1/videos/8367000/8367429/8367429_tr.mp4
8367421|Prostitute Missing Client||2022-02-28 17:50:00||https://videohclips.com/videos/8367421/prostitute-missing-client/|Amateur,Big Ass,Brazilian,Brunette,HD,Interracial,Teens||429|<iframe width="640" height="360" src="https://videohclips.com/embed/8367421/" frameborder="0" allowfullscreen webkitallowfullscreen mozallowfullscreen oallowfullscreen msallowfullscreen></iframe>|https://tn.hclips.com/contents/videos_screenshots/8367000/8367421/240x180/1.jpg|https://pv1.hclips.com/c1/videos/8367000/8367421/8367421_tr.mp4
8367197|Sunday Supper Who Hungry||2022-03-01 07:13:25||https://videohclips.com/videos/8367197/sunday-supper-who-hungry/|Gay Amateur,Gay Black,Gay Brunette,Gay HD,Gay Solo Male,Gay Webcam||490|<iframe width="640" height="360" src="https://videohclips.com/embed/8367197/" frameborder="0" allowfullscreen webkitallowfullscreen mozallowfullscreen oallowfullscreen msallowfullscreen></iframe>|https://tn.hclips.com/contents/videos_screenshots/8367000/8367197/240x180/1.jpg|https://pv1.hclips.com/c1/videos/8367000/8367197/8367197_tr.mp4
8367195|She Took The Car And Stayed Out Beyond Her Curfew, So She Got A Few||2022-02-28 14:50:00||https://videohclips.com/videos/8367195/she-took-the-car-and-stayed-out-beyond-her-curfew-so-she-got-a-few/|Amateur,Asian,HD,Spanking||910|<iframe width="640" height="360" src="https://videohclips.com/embed/8367195/" frameborder="0" allowfullscreen webkitallowfullscreen mozallowfullscreen oallowfullscreen msallowfullscreen></iframe>|https://tn.hclips.com/contents/videos_screenshots/8367000/8367195/240x180/1.jpg|https://pv1.hclips.com/c1/videos/8367000/8367195/8367195_tr.mp4
8367175|Vacuum Cleaner Sucking Me Off ** Huge Cumshot / Big Dick||2022-02-28 13:59:13||https://videohclips.com/videos/8367175/vacuum-cleaner-sucking-me-off-huge-cumshot-big-dick/|Gay Amateur,Gay Big Cock,Gay Brunette,Gay HD,Gay Solo Male,Gay Webcam||252|<iframe width="640" height="360" src="https://videohclips.com/embed/8367175/" frameborder="0" allowfullscreen webkitallowfullscreen mozallowfullscreen oallowfullscreen msallowfullscreen></iframe>|https://tn.hclips.com/contents/videos_screenshots/8367000/8367175/240x180/1.jpg|https://pv1.hclips.com/c1/videos/8367000/8367175/8367175_tr.mp4
8367173|220227アシスタントさんとセックスする展開b||2022-02-27 10:01:16||https://videohclips.com/videos/8367173/220227-b/|Amateur,Asian,HD||2540|<iframe width="640" height="360" src="https://videohclips.com/embed/8367173/" frameborder="0" allowfullscreen webkitallowfullscreen mozallowfullscreen oallowfullscreen msallowfullscreen></iframe>|https://tn.hclips.com/contents/videos_screenshots/8367000/8367173/240x180/1.jpg|https://pv1.hclips.com/c1/videos/8367000/8367173/8367173_tr.mp4
8367159|220227かわいい女子大生とセックス009||2022-02-27 09:49:21||https://videohclips.com/videos/8367159/220227-009/|Amateur,Asian,HD||2178|<iframe width="640" height="360" src="https://videohclips.com/embed/8367159/" frameborder="0" allowfullscreen webkitallowfullscreen mozallowfullscreen oallowfullscreen msallowfullscreen></iframe>|https://tn.hclips.com/contents/videos_screenshots/8367000/8367159/240x180/1.jpg|https://pv1.hclips.com/c1/videos/8367000/8367159/8367159_tr.mp4
8367087|Jack Hunter And Cole Conners - Weekend Fuck||2022-03-01 14:02:43||https://videohclips.com/videos/8367087/jack-hunter-and-cole-conners-weekend-fuck/|Gay Amateur,Gay Bareback,Gay Brunette,Gay Rimming||1328|<iframe width="640" height="360" src="https://videohclips.com/embed/8367087/" frameborder="0" allowfullscreen webkitallowfullscreen mozallowfullscreen oallowfullscreen msallowfullscreen></iframe>|https://tn.hclips.com/contents/videos_screenshots/8367000/8367087/240x180/1.jpg|https://pv1.hclips.com/c1/videos/8367000/8367087/8367087_tr.mp4
8367045|Blonde Girl||2022-02-28 13:09:23||https://videohclips.com/videos/8367045/blonde-girl7/|Shemale Amateur,Shemale Blonde,Shemale Toys,Shemale Webcam||980|<iframe width="640" height="360" src="https://videohclips.com/embed/8367045/" frameborder="0" allowfullscreen webkitallowfullscreen mozallowfullscreen oallowfullscreen msallowfullscreen></iframe>|https://tn.hclips.com/contents/videos_screenshots/8367000/8367045/240x180/1.jpg|https://pv1.hclips.com/c1/videos/8367000/8367045/8367045_tr.mp4
8367033|Slim and Tight Pussy Fucks Self|fucking bitch will make you cum with her. Inserting her long fingers inside her cunt made her so wet. See this cute bitch good sucking her dildo. See her inserts her dildo toy inside her mouth deepthr|2022-02-27 08:18:11|cam4free.com|https://videohclips.com/videos/8367033/slim-and-tight-pussy-fucks-self/|BDSM,Big Ass,Big Tits||608|<iframe width="640" height="360" src="https://videohclips.com/embed/8367033/" frameborder="0" allowfullscreen webkitallowfullscreen mozallowfullscreen oallowfullscreen msallowfullscreen></iframe>|https://tn.hclips.com/contents/videos_screenshots/8367000/8367033/240x180/1.jpg|https://pv1.hclips.com/c1/videos/8367000/8367033/8367033_tr.mp4
8367029|Sexo De Casal ( Duss1 22 )||2022-02-28 12:10:16||https://videohclips.com/videos/8367029/sexo-de-casal-duss1-22/|Amateur,Brunette,HD,Webcam||305|<iframe width="640" height="360" src="https://videohclips.com/embed/8367029/" frameborder="0" allowfullscreen webkitallowfullscreen mozallowfullscreen oallowfullscreen msallowfullscreen></iframe>|https://tn.hclips.com/contents/videos_screenshots/8367000/8367029/240x180/1.jpg|https://pv1.hclips.com/c1/videos/8367000/8367029/8367029_tr.mp4
8367007|Sissy In White Lingerie Play With Dildo||2022-03-01 20:10:16||https://videohclips.com/videos/8367007/sissy-in-white-lingerie-play-with-dildo/|Gay Amateur,Gay Brunette,Gay HD,Gay Solo Male,Gay Toys,Gay Twink,Gay Webcam||580|<iframe width="640" height="360" src="https://videohclips.com/embed/8367007/" frameborder="0" allowfullscreen webkitallowfullscreen mozallowfullscreen oallowfullscreen msallowfullscreen></iframe>|https://tn.hclips.com/contents/videos_screenshots/8367000/8367007/240x180/1.jpg|https://pv1.hclips.com/c1/videos/8367000/8367007/8367007_tr.mp4
8366871|Ts Tamara Bittercourt Solo Masturbation||2022-03-01 08:51:49||https://videohclips.com/videos/8366871/ts-tamara-bittercourt-solo-masturbation/|Shemale Amateur,Shemale Big Ass,Shemale Big Cock,Shemale Big Tits,Shemale Brunette,Shemale Latin,Shemale Masturbation,Shemale Solo Shemale,Shemale Tattoo||342|<iframe width="640" height="360" src="https://videohclips.com/embed/8366871/" frameborder="0" allowfullscreen webkitallowfullscreen mozallowfullscreen oallowfullscreen msallowfullscreen></iframe>|https://tn.hclips.com/contents/videos_screenshots/8366000/8366871/240x180/1.jpg|https://pv1.hclips.com/c1/videos/8366000/8366871/8366871_tr.mp4
8366869|Sexy Sub Milf Enjoys Anal And Gets A Caning||2022-02-28 11:11:10||https://videohclips.com/videos/8366869/sexy-sub-milf-enjoys-anal-and-gets-a-caning/|Amateur,Brunette,Couple,HD,MILF,Small Tits,Webcam||1286|<iframe width="640" height="360" src="https://videohclips.com/embed/8366869/" frameborder="0" allowfullscreen webkitallowfullscreen mozallowfullscreen oallowfullscreen msallowfullscreen></iframe>|https://tn.hclips.com/contents/videos_screenshots/8366000/8366869/240x180/1.jpg|https://pv1.hclips.com/c1/videos/8366000/8366869/8366869_tr.mp4
8366845|Sexy Russian In Natures Garb 1||2022-02-28 09:50:00||https://videohclips.com/videos/8366845/sexy-russian-in-natures-garb-1/|Gay Amateur,Gay Bareback,Gay Cumshot,Gay HD,Gay POV,Gay Twink,Gay Webcam||1072|<iframe width="640" height="360" src="https://videohclips.com/embed/8366845/" frameborder="0" allowfullscreen webkitallowfullscreen mozallowfullscreen oallowfullscreen msallowfullscreen></iframe>|https://tn.hclips.com/contents/videos_screenshots/8366000/8366845/240x180/1.jpg|https://pv1.hclips.com/c1/videos/8366000/8366845/8366845_tr.mp4
8366823|Mi Amigo Me Convencio De Entregarle Mi Culo Y Me Coge Muy Bien||2022-03-01 13:50:00||https://videohclips.com/videos/8366823/mi-amigo-me-convencio-de-entregarle-mi-culo-y-me-coge-muy-bien/|Amateur,Big Ass,Brunette,HD,Latina,MILF,Webcam||800|<iframe width="640" height="360" src="https://videohclips.com/embed/8366823/" frameborder="0" allowfullscreen webkitallowfullscreen mozallowfullscreen oallowfullscreen msallowfullscreen></iframe>|https://tn.hclips.com/contents/videos_screenshots/8366000/8366823/240x180/1.jpg|https://pv1.hclips.com/c1/videos/8366000/8366823/8366823_tr.mp4
8366703|Teen Fucked While Playing A Video Game And Having Multiple Squirting Orgasm||2022-02-28 08:50:01||https://videohclips.com/videos/8366703/teen-fucked-while-playing-a-video-game-and-having-multiple-squirting-orgasm/|Amateur,Big Cock,Brunette,Fetish,Foot Fetish,HD,Squirt,Stockings,Tattoo,Webcam||733|<iframe width="640" height="360" src="https://videohclips.com/embed/8366703/" frameborder="0" allowfullscreen webkitallowfullscreen mozallowfullscreen oallowfullscreen msallowfullscreen></iframe>|https://tn.hclips.com/contents/videos_screenshots/8366000/8366703/240x180/1.jpg|https://pv1.hclips.com/c1/videos/8366000/8366703/8366703_tr.mp4
8366675|Fucking Myself In The Ass With Toys With Jessika Nightxxx||2022-03-01 11:42:49||https://videohclips.com/videos/8366675/fucking-myself-in-the-ass-with-toys-with-jessika-nightxxx/|Amateur,Anal,Brunette,Fetish,Foot Fetish,HD,Solo Female,Toys,Webcam||406|<iframe width="640" height="360" src="https://videohclips.com/embed/8366675/" frameborder="0" allowfullscreen webkitallowfullscreen mozallowfullscreen oallowfullscreen msallowfullscreen></iframe>|https://tn.hclips.com/contents/videos_screenshots/8366000/8366675/240x180/1.jpg|https://pv1.hclips.com/c1/videos/8366000/8366675/8366675_tr.mp4
8366613|Big Juggs Shemale Plays Her Huge Cock|Watch her how she will pleasure you by masturbating her big cock See this beautiful shemale playing her big cock while toying her ass Watch her This hot sexy shemale is in a horny mood|2022-02-27 04:09:53|tranny4free.com|https://videohclips.com/videos/8366613/big-juggs-shemale-plays-her-huge-cock/|Shemale Masturbation,Shemale Solo Shemale,Shemale Webcam||632|<iframe width="640" height="360" src="https://videohclips.com/embed/8366613/" frameborder="0" allowfullscreen webkitallowfullscreen mozallowfullscreen oallowfullscreen msallowfullscreen></iframe>|https://tn.hclips.com/contents/videos_screenshots/8366000/8366613/240x180/1.jpg|https://pv1.hclips.com/c1/videos/8366000/8366613/8366613_tr.mp4
8366607|Twink Cums On Himself||2022-03-01 06:14:00||https://videohclips.com/videos/8366607/twink-cums-on-himself/|Gay Amateur,Gay Brunette,Gay HD,Gay Solo Male,Gay Twink,Gay Webcam||808|<iframe width="640" height="360" src="https://videohclips.com/embed/8366607/" frameborder="0" allowfullscreen webkitallowfullscreen mozallowfullscreen oallowfullscreen msallowfullscreen></iframe>|https://tn.hclips.com/contents/videos_screenshots/8366000/8366607/240x180/1.jpg|https://pv1.hclips.com/c1/videos/8366000/8366607/8366607_tr.mp4
8366567|Owns My Hole Whilst Stepdad Is Other Side Of Door||2022-02-28 07:50:00||https://videohclips.com/videos/8366567/owns-my-hole-whilst-stepdad-is-other-side-of-door/|Gay Amateur,Gay Bareback,Gay Brunette,Gay Daddy,Gay HD,Gay Webcam||1686|<iframe width="640" height="360" src="https://videohclips.com/embed/8366567/" frameborder="0" allowfullscreen webkitallowfullscreen mozallowfullscreen oallowfullscreen msallowfullscreen></iframe>|https://tn.hclips.com/contents/videos_screenshots/8366000/8366567/240x180/1.jpg|https://pv1.hclips.com/c1/videos/8366000/8366567/8366567_tr.mp4
8366541|Bawdy Boys||2022-03-01 06:50:01||https://videohclips.com/videos/8366541/bawdy-boys/|Gay Amateur,Gay Big Cock,Gay Brunette,Gay Handjob,Gay Rimming,Gay Webcam||1573|<iframe width="640" height="360" src="https://videohclips.com/embed/8366541/" frameborder="0" allowfullscreen webkitallowfullscreen mozallowfullscreen oallowfullscreen msallowfullscreen></iframe>|https://tn.hclips.com/contents/videos_screenshots/8366000/8366541/240x180/1.jpg|https://pv1.hclips.com/c1/videos/8366000/8366541/8366541_tr.mp4
8366483|Pompom Girl Handjob Fun||2022-02-28 06:50:01||https://videohclips.com/videos/8366483/pompom-girl-handjob-fun/|Amateur,Brunette,Handjob,HD,Webcam||840|<iframe width="640" height="360" src="https://videohclips.com/embed/8366483/" frameborder="0" allowfullscreen webkitallowfullscreen mozallowfullscreen oallowfullscreen msallowfullscreen></iframe>|https://tn.hclips.com/contents/videos_screenshots/8366000/8366483/240x180/1.jpg|https://pv1.hclips.com/c1/videos/8366000/8366483/8366483_tr.mp4
8366425|2 Latinas Tied Back-to-back And Cleave Gagged||2022-03-01 11:03:03||https://videohclips.com/videos/8366425/2-latinas-tied-back-to-back-and-cleave-gagged/|Amateur,BDSM,Bondage,Deepthroat,HD,Latina||1927|<iframe width="640" height="360" src="https://videohclips.com/embed/8366425/" frameborder="0" allowfullscreen webkitallowfullscreen mozallowfullscreen oallowfullscreen msallowfullscreen></iframe>|https://tn.hclips.com/contents/videos_screenshots/8366000/8366425/240x180/1.jpg|https://pv1.hclips.com/c1/videos/8366000/8366425/8366425_tr.mp4
8366371|Pretty Tranny Plays with Her Lady Cock|She sits in front of the cam while rubbing her hard cock toying her ass at the same time She show her tits and play with her hard cock She will really give you a nice erection|2022-02-27 02:20:56|tranny4free.com|https://videohclips.com/videos/8366371/pretty-tranny-plays-with-her-lady-cock/|Shemale Masturbation,Shemale Solo Shemale,Shemale Webcam||635|<iframe width="640" height="360" src="https://videohclips.com/embed/8366371/" frameborder="0" allowfullscreen webkitallowfullscreen mozallowfullscreen oallowfullscreen msallowfullscreen></iframe>|https://tn.hclips.com/contents/videos_screenshots/8366000/8366371/240x180/1.jpg|https://pv1.hclips.com/c1/videos/8366000/8366371/8366371_tr.mp4
8366309|Tv Sissy||2022-02-28 05:50:00||https://videohclips.com/videos/8366309/tv-sissy/|Gay Amateur,Gay Crossdressing,Gay Fisting,Gay Mature,Gay Red head||1431|<iframe width="640" height="360" src="https://videohclips.com/embed/8366309/" frameborder="0" allowfullscreen webkitallowfullscreen mozallowfullscreen oallowfullscreen msallowfullscreen></iframe>|https://tn.hclips.com/contents/videos_screenshots/8366000/8366309/240x180/1.jpg|https://pv1.hclips.com/c1/videos/8366000/8366309/8366309_tr.mp4
8366237|Je Me Doigte Comme Une Salope||2022-03-01 05:43:20||https://videohclips.com/videos/8366237/je-me-doigte-comme-une-salope/|Amateur,Blonde,Fetish,Foot Fetish,HD,Solo Female,Webcam||401|<iframe width="640" height="360" src="https://videohclips.com/embed/8366237/" frameborder="0" allowfullscreen webkitallowfullscreen mozallowfullscreen oallowfullscreen msallowfullscreen></iframe>|https://tn.hclips.com/contents/videos_screenshots/8366000/8366237/240x180/1.jpg|https://pv1.hclips.com/c1/videos/8366000/8366237/8366237_tr.mp4
8366211|Trans Girl Wants To Be Fucked - Juliana Nogueira And Julian A||2022-02-28 04:50:00||https://videohclips.com/videos/8366211/trans-girl-wants-to-be-fucked-juliana-nogueira-and-julian-a/|Shemale Amateur,Shemale Bareback,Shemale Big Ass,Shemale Big Cock,Shemale Big Tits,Shemale Brunette,Shemale Guy Fucks Shemale,Shemale Latin,Shemale Stockings||336|<iframe width="640" height="360" src="https://videohclips.com/embed/8366211/" frameborder="0" allowfullscreen webkitallowfullscreen mozallowfullscreen oallowfullscreen msallowfullscreen></iframe>|https://tn.hclips.com/contents/videos_screenshots/8366000/8366211/240x180/1.jpg|https://pv1.hclips.com/c1/videos/8366000/8366211/8366211_tr.mp4
8366161|Prostitute Didnt Even Take Off Her Clothes||2022-03-01 09:03:03||https://videohclips.com/videos/8366161/prostitute-didnt-even-take-off-her-clothes/|Amateur,Big Ass,Big Cock,Brazilian,Brunette,HD,Latina,Teens||465|<iframe width="640" height="360" src="https://videohclips.com/embed/8366161/" frameborder="0" allowfullscreen webkitallowfullscreen mozallowfullscreen oallowfullscreen msallowfullscreen></iframe>|https://tn.hclips.com/contents/videos_screenshots/8366000/8366161/240x180/1.jpg|https://pv1.hclips.com/c1/videos/8366000/8366161/8366161_tr.mp4
8366151|Petite Leo-girl Gets Penetrated Anal By Tattooed Guy - Amateur Couple - Littlemisslulu||2022-02-28 03:50:00||https://videohclips.com/videos/8366151/petite-leo-girl-gets-penetrated-anal-by-tattooed-guy-amateur-couple-littlemisslulu/|Amateur,Anal,Big Cock,Brunette,Couple,HD,POV,Tattoo,Toys||359|<iframe width="640" height="360" src="https://videohclips.com/embed/8366151/" frameborder="0" allowfullscreen webkitallowfullscreen mozallowfullscreen oallowfullscreen msallowfullscreen></iframe>|https://tn.hclips.com/contents/videos_screenshots/8366000/8366151/240x180/1.jpg|https://pv1.hclips.com/c1/videos/8366000/8366151/8366151_tr.mp4
8366113|Hot Gay Has A Passion For Hard Pounding||2022-02-28 02:50:00||https://videohclips.com/videos/8366113/hot-gay-has-a-passion-for-hard-pounding/|Gay Amateur,Gay Bareback,Gay Brunette,Gay Cumshot,Gay Deepthroat,Gay Handjob,Gay HD,Gay Old Young||710|<iframe width="640" height="360" src="https://videohclips.com/embed/8366113/" frameborder="0" allowfullscreen webkitallowfullscreen mozallowfullscreen oallowfullscreen msallowfullscreen></iframe>|https://tn.hclips.com/contents/videos_screenshots/8366000/8366113/240x180/1.jpg|https://pv1.hclips.com/c1/videos/8366000/8366113/8366113_tr.mp4
8366109|Hot Babe Gets Her Pussy Fuck By Her Friend|Look at this hot chick as she movie herself together with her partner They are best friends and they love to masturbate together Then they play with their cum pleasure fuck holes|2022-02-26 23:26:14||https://videohclips.com/videos/8366109/hot-babe-gets-her-pussy-fuck-by-her-friend/|Amateur,Lesbian,Webcam||673|<iframe width="640" height="360" src="https://videohclips.com/embed/8366109/" frameborder="0" allowfullscreen webkitallowfullscreen mozallowfullscreen oallowfullscreen msallowfullscreen></iframe>|https://tn.hclips.com/contents/videos_screenshots/8366000/8366109/240x180/1.jpg|https://pv1.hclips.com/c1/videos/8366000/8366109/8366109_tr.mp4
8366097|Nerdy Shecock Lets Another Ts Girl||2022-03-01 05:42:48||https://videohclips.com/videos/8366097/nerdy-shecock-lets-another-ts-girl/|Shemale Amateur,Shemale Asian,Shemale Fucks Shemale,Shemale Stockings,Shemale Toys,Shemale Webcam||506|<iframe width="640" height="360" src="https://videohclips.com/embed/8366097/" frameborder="0" allowfullscreen webkitallowfullscreen mozallowfullscreen oallowfullscreen msallowfullscreen></iframe>|https://tn.hclips.com/contents/videos_screenshots/8366000/8366097/240x180/1.jpg|https://pv1.hclips.com/c1/videos/8366000/8366097/8366097_tr.mp4
8365987|Ramming Hard As Well As Athletic Gay||2022-03-01 04:42:48||https://videohclips.com/videos/8365987/ramming-hard-as-well-as-athletic-gay/|Gay Amateur,Gay Brunette,Gay HD,Gay Muscle,Gay Rimming||710|<iframe width="640" height="360" src="https://videohclips.com/embed/8365987/" frameborder="0" allowfullscreen webkitallowfullscreen mozallowfullscreen oallowfullscreen msallowfullscreen></iframe>|https://tn.hclips.com/contents/videos_screenshots/8365000/8365987/240x180/1.jpg|https://pv1.hclips.com/c1/videos/8365000/8365987/8365987_tr.mp4
8365947|Thick Guy Breeding Black Ass||2022-02-28 01:50:00||https://videohclips.com/videos/8365947/thick-guy-breeding-black-ass/|Gay Amateur,Gay Bareback,Gay Blonde,Gay Brunette,Gay HD||313|<iframe width="640" height="360" src="https://videohclips.com/embed/8365947/" frameborder="0" allowfullscreen webkitallowfullscreen mozallowfullscreen oallowfullscreen msallowfullscreen></iframe>|https://tn.hclips.com/contents/videos_screenshots/8365000/8365947/240x180/1.jpg|https://pv1.hclips.com/c1/videos/8365000/8365947/8365947_tr.mp4
8365923|Tsgirl And A Hot Babe Fooling Around||2022-03-01 06:03:03||https://videohclips.com/videos/8365923/tsgirl-and-a-hot-babe-fooling-around/|Shemale Amateur,Shemale Big Tits,Shemale Fetish,Shemale Fucks Girl,Shemale Handjob,Shemale Toys||483|<iframe width="640" height="360" src="https://videohclips.com/embed/8365923/" frameborder="0" allowfullscreen webkitallowfullscreen mozallowfullscreen oallowfullscreen msallowfullscreen></iframe>|https://tn.hclips.com/contents/videos_screenshots/8365000/8365923/240x180/1.jpg|https://pv1.hclips.com/c1/videos/8365000/8365923/8365923_tr.mp4
8365879|Pissing In Panties While My Stepbrother Is Spying On Me||2022-02-28 00:50:00||https://videohclips.com/videos/8365879/pissing-in-panties-while-my-stepbrother-is-spying-on-me/|Amateur,HD,MILF,Solo Female,Webcam||284|<iframe width="640" height="360" src="https://videohclips.com/embed/8365879/" frameborder="0" allowfullscreen webkitallowfullscreen mozallowfullscreen oallowfullscreen msallowfullscreen></iframe>|https://tn.hclips.com/contents/videos_screenshots/8365000/8365879/240x180/1.jpg|https://pv1.hclips.com/c1/videos/8365000/8365879/8365879_tr.mp4
8365823|Ginger Teen Elf Makes A Stranger Cum In Her Mouth With Throbbing Creampie Pov||2022-03-01 06:22:44||https://videohclips.com/videos/8365823/ginger-teen-elf-makes-a-stranger-cum-in-her-mouth-with-throbbing-creampie-pov/|Amateur,Big Cock,Deepthroat,Handjob,HD,POV,Red Head||245|<iframe width="640" height="360" src="https://videohclips.com/embed/8365823/" frameborder="0" allowfullscreen webkitallowfullscreen mozallowfullscreen oallowfullscreen msallowfullscreen></iframe>|https://tn.hclips.com/contents/videos_screenshots/8365000/8365823/240x180/1.jpg|https://pv1.hclips.com/c1/videos/8365000/8365823/8365823_tr.mp4
8365769|Daddy Fucks My Ass And Pussy Till I Scream ! (||2022-02-27 23:50:00||https://videohclips.com/videos/8365769/daddy-fucks-my-ass-and-pussy-till-i-scream/|Amateur,Anal,Big Ass,Big Cock,Brunette,HD,Webcam||992|<iframe width="640" height="360" src="https://videohclips.com/embed/8365769/" frameborder="0" allowfullscreen webkitallowfullscreen mozallowfullscreen oallowfullscreen msallowfullscreen></iframe>|https://tn.hclips.com/contents/videos_screenshots/8365000/8365769/240x180/1.jpg|https://pv1.hclips.com/c1/videos/8365000/8365769/8365769_tr.mp4
8365761|Hot busty wife gets her pussy fucked|Horny slut sucks cock and swallows cum. She has buttplug in her ass and gets fucked in her tight pussy.|2022-02-28 19:46:07||https://videohclips.com/videos/8365761/hot-busty-wife-gets-her-pussy-fucked/|Amateur,Cumshot,MILF||748|<iframe width="640" height="360" src="https://videohclips.com/embed/8365761/" frameborder="0" allowfullscreen webkitallowfullscreen mozallowfullscreen oallowfullscreen msallowfullscreen></iframe>|https://tn.hclips.com/contents/videos_screenshots/8365000/8365761/240x180/1.jpg|https://pv1.hclips.com/c1/videos/8365000/8365761/8365761_tr.mp4
8365749|MyDirtyHobby - Mila-Hase Stuffs Her Tight Pussy With Vegetables|MyDirtyHobby - Mila-Hase Stuffs Her Tight Pussy With Vegetables|2022-02-26 19:45:39|My Dirty Hobby|https://videohclips.com/videos/8365749/mydirtyhobby-mila-hase-stuffs-her-tight-pussy-with-vegetables/|Anal,Big Ass,Big Tits||436|<iframe width="640" height="360" src="https://videohclips.com/embed/8365749/" frameborder="0" allowfullscreen webkitallowfullscreen mozallowfullscreen oallowfullscreen msallowfullscreen></iframe>|https://tn.hclips.com/contents/videos_screenshots/8365000/8365749/240x180/1.jpg|https://pv1.hclips.com/c1/videos/8365000/8365749/8365749_tr.mp4
8365679|MyDirtyHobby - Sarah_Secret Sits On Top Of A Big Dick And Rides It Good|MyDirtyHobby - Sarah_Secret Sits On Top Of A Big Dick And Rides It Good|2022-02-26 19:41:34|My Dirty Hobby|https://videohclips.com/videos/8365679/mydirtyhobby-sarah-secret-sits-on-top-of-a-big-dick-and-rides-it-good/|Big Ass,Big Tits,Blowjob||448|<iframe width="640" height="360" src="https://videohclips.com/embed/8365679/" frameborder="0" allowfullscreen webkitallowfullscreen mozallowfullscreen oallowfullscreen msallowfullscreen></iframe>|https://tn.hclips.com/contents/videos_screenshots/8365000/8365679/240x180/1.jpg|https://pv1.hclips.com/c1/videos/8365000/8365679/8365679_tr.mp4
8365677|MyDirtyHobby - Claarycherry Takes Multiple Cumshots|MyDirtyHobby - Claarycherry Takes Multiple Cumshots|2022-02-26 19:39:27|My Dirty Hobby|https://videohclips.com/videos/8365677/mydirtyhobby-claarycherry-takes-multiple-cumshots/|Anal,Big Ass,Big Tits||435|<iframe width="640" height="360" src="https://videohclips.com/embed/8365677/" frameborder="0" allowfullscreen webkitallowfullscreen mozallowfullscreen oallowfullscreen msallowfullscreen></iframe>|https://tn.hclips.com/contents/videos_screenshots/8365000/8365677/240x180/1.jpg|https://pv1.hclips.com/c1/videos/8365000/8365677/8365677_tr.mp4
8365645|Miss Lazy Watching Big Tits Rides Boyfriend In Gaming Chair||2022-03-01 10:12:07||https://videohclips.com/videos/8365645/miss-lazy-watching-big-tits-rides-boyfriend-in-gaming-chair/|Amateur,Big Tits,Blonde,German,Handjob,HD,Webcam||428|<iframe width="640" height="360" src="https://videohclips.com/embed/8365645/" frameborder="0" allowfullscreen webkitallowfullscreen mozallowfullscreen oallowfullscreen msallowfullscreen></iframe>|https://tn.hclips.com/contents/videos_screenshots/8365000/8365645/240x180/1.jpg|https://pv1.hclips.com/c1/videos/8365000/8365645/8365645_tr.mp4
8365639|Asian Fuck Faces #03 Gaia Cin - Jessica Bangkok And London Keyes||2022-02-27 22:50:00||https://videohclips.com/videos/8365639/asian-fuck-faces-03-gaia-cin-jessica-bangkok-and-london-keyes/|Amateur,Asian,Big Cock,Brunette,Compilation,Deepthroat,Facial,Handjob,HD,Interracial,POV,Threesome|Jessica Bangkok|1287|<iframe width="640" height="360" src="https://videohclips.com/embed/8365639/" frameborder="0" allowfullscreen webkitallowfullscreen mozallowfullscreen oallowfullscreen msallowfullscreen></iframe>|https://tn.hclips.com/contents/videos_screenshots/8365000/8365639/240x180/1.jpg|https://pv1.hclips.com/c1/videos/8365000/8365639/8365639_tr.mp4
8365579|Shirokaya Popa||2022-02-27 21:50:00||https://videohclips.com/videos/8365579/shirokaya-popa/|Gay Amateur,Gay Solo Male,Gay Toys,Gay Webcam||777|<iframe width="640" height="360" src="https://videohclips.com/embed/8365579/" frameborder="0" allowfullscreen webkitallowfullscreen mozallowfullscreen oallowfullscreen msallowfullscreen></iframe>|https://tn.hclips.com/contents/videos_screenshots/8365000/8365579/240x180/1.jpg|https://pv1.hclips.com/c1/videos/8365000/8365579/8365579_tr.mp4
